Sample in Buffer,Sample in Window,TRIGGER,ciphertext[127:0],key_idx[1:0],pt_idx[2:0],in_valid,key_load,key_valid,out_valid
Radix - UNSIGNED,UNSIGNED,UNSIGNED,HEX,HEX,HEX,HEX,HEX,HEX,HEX
0,0,0,f10a445cefd1e2841b1867fffcb270a4,2,5,0,0,1,0
1,1,0,f10a445cefd1e2841b1867fffcb270a4,2,5,0,0,1,0
2,2,0,f10a445cefd1e2841b1867fffcb270a4,2,5,0,0,1,0
3,3,0,46f2fb342d6f0ab477476fc501242c5f,2,5,0,0,1,1
4,4,0,46f2fb342d6f0ab477476fc501242c5f,0,5,0,0,1,0
5,5,0,46f2fb342d6f0ab477476fc501242c5f,0,0,0,0,1,0
6,6,0,46f2fb342d6f0ab477476fc501242c5f,0,0,0,0,1,0
7,7,0,46f2fb342d6f0ab477476fc501242c5f,0,0,0,0,1,0
8,8,0,46f2fb342d6f0ab477476fc501242c5f,0,0,0,0,1,0
9,9,0,46f2fb342d6f0ab477476fc501242c5f,0,0,0,0,1,0
10,10,0,46f2fb342d6f0ab477476fc501242c5f,0,0,0,0,1,0
11,11,0,46f2fb342d6f0ab477476fc501242c5f,0,0,0,0,1,0
12,12,0,46f2fb342d6f0ab477476fc501242c5f,0,0,0,0,1,0
13,13,0,46f2fb342d6f0ab477476fc501242c5f,0,0,0,0,1,0
14,14,0,46f2fb342d6f0ab477476fc501242c5f,0,0,0,0,1,0
15,15,0,46f2fb342d6f0ab477476fc501242c5f,0,0,0,0,1,0
16,16,0,46f2fb342d6f0ab477476fc501242c5f,0,0,0,0,1,0
17,17,0,46f2fb342d6f0ab477476fc501242c5f,0,0,0,0,1,0
18,18,0,46f2fb342d6f0ab477476fc501242c5f,0,0,0,0,1,0
19,19,0,46f2fb342d6f0ab477476fc501242c5f,0,0,0,0,1,0
20,20,0,46f2fb342d6f0ab477476fc501242c5f,0,0,0,1,1,0
21,21,0,46f2fb342d6f0ab477476fc501242c5f,0,0,0,0,1,0
22,22,0,46f2fb342d6f0ab477476fc501242c5f,0,0,0,0,1,0
23,23,0,c2bedd6d1797c2c6aaf363eb13803c2c,0,0,1,0,1,0
24,24,0,6086be1248db8c99c8ca0af0e4955d5c,0,0,0,0,1,0
25,25,0,ff2134570dc8be2671c8e75af6e01e98,0,0,0,0,1,0
26,26,0,314e90073a2abadfcae79da3f589dac6,0,0,0,0,1,0
27,27,0,68df08d7a395dc27a5efb74ca76c047e,0,0,0,0,1,0
28,28,0,2388e80ac01dcaa095dfad8f515d0c3a,0,0,0,0,1,0
29,29,0,8a8e0e069f3336c1085300d60ca4bca6,0,0,0,0,1,0
30,30,0,2c487d67da7837ee425232aaa9aec7ef,0,0,0,0,1,0
31,31,0,f45ff9477c48c9a2b522b6d2254e5420,0,0,0,0,1,0
32,32,0,468eb05644ad14e75c7e204c732ce8e8,0,0,0,0,1,0
33,33,0,33d3c341350cda2f5b5b8f3d141f6fe0,0,0,0,0,1,0
34,34,0,c7024e65f11e235c6cc6c29547a87a35,0,0,0,0,1,0
35,35,0,cf40bec5d859648389b39ffe26f7d1b4,0,0,0,0,1,0
36,36,0,f29000b62a499fd0a9f39a6add2e7780,0,0,0,0,1,0
37,37,0,f29000b62a499fd0a9f39a6add2e7780,0,0,0,0,1,0
38,38,0,f29000b62a499fd0a9f39a6add2e7780,0,0,0,0,1,0
39,39,0,8ea2b7ca516745bfeafc49904b496089,0,0,0,0,1,1
40,40,0,8ea2b7ca516745bfeafc49904b496089,1,0,0,0,1,0
41,41,0,8ea2b7ca516745bfeafc49904b496089,1,1,0,0,1,0
42,42,0,8ea2b7ca516745bfeafc49904b496089,1,1,0,0,1,0
43,43,0,8ea2b7ca516745bfeafc49904b496089,1,1,0,0,1,0
44,44,0,8ea2b7ca516745bfeafc49904b496089,1,1,0,0,1,0
45,45,0,8ea2b7ca516745bfeafc49904b496089,1,1,0,0,1,0
46,46,0,8ea2b7ca516745bfeafc49904b496089,1,1,0,0,1,0
47,47,0,8ea2b7ca516745bfeafc49904b496089,1,1,0,0,1,0
48,48,0,8ea2b7ca516745bfeafc49904b496089,1,1,0,0,1,0
49,49,0,8ea2b7ca516745bfeafc49904b496089,1,1,0,0,1,0
50,50,0,8ea2b7ca516745bfeafc49904b496089,1,1,0,0,1,0
51,51,0,8ea2b7ca516745bfeafc49904b496089,1,1,0,0,1,0
52,52,0,8ea2b7ca516745bfeafc49904b496089,1,1,0,0,1,0
53,53,0,8ea2b7ca516745bfeafc49904b496089,1,1,0,0,1,0
54,54,0,8ea2b7ca516745bfeafc49904b496089,1,1,0,0,1,0
55,55,0,8ea2b7ca516745bfeafc49904b496089,1,1,0,0,1,0
56,56,0,8ea2b7ca516745bfeafc49904b496089,1,1,0,1,1,0
57,57,0,8ea2b7ca516745bfeafc49904b496089,1,1,0,0,1,0
58,58,0,8ea2b7ca516745bfeafc49904b496089,1,1,0,0,1,0
59,59,0,70bc05fdaea5db25dcc984b79dd57a7e,1,2,1,0,1,0
60,60,0,715ac8295481ac11aaf27096e70c9f0c,1,3,1,0,1,0
61,61,0,18017d2ebf837141f2c7ce404cee0866,1,4,1,0,1,0
62,62,0,8841ebaf96341fac68d650f1fe570e52,1,4,1,0,1,0
63,63,0,cc1c73d3a89078f9881a553301d707b1,1,4,0,0,1,0
64,64,0,033d6ece0ae5f5290af8997b280d1ec0,1,4,0,0,1,0
65,65,0,9392d3023688c8fb5582fb5662d8f72c,1,4,0,0,1,0
66,66,0,dc2e99168be4ad70af97ca505953953e,1,4,0,0,1,0
67,67,0,b2a7a9aa58acb6296351b6f36258f9d2,1,4,0,0,1,0
68,68,0,1ffe76b980f71a546d0be7a10b72e8d3,1,4,0,0,1,0
69,69,0,b8b02e8394b38c2b069a339aab3fc14e,1,4,0,0,1,0
70,70,0,c3dc1b6cc6339faa62ef89ea459a98af,1,4,0,0,1,0
71,71,0,50cf6154758bb5ee79a53d315563022b,1,4,0,0,1,0
72,72,0,d83414223d20a0c928b136c884d07ea2,1,4,0,0,1,0
73,73,0,d83414223d20a0c928b136c884d07ea2,1,4,0,0,1,0
74,74,0,d83414223d20a0c928b136c884d07ea2,1,4,0,0,1,0
75,75,0,f3eed1bdb5d2a03c064b5a7e3db181f8,1,4,0,0,1,1
76,76,0,591ccb10d410ed26dc5ba74a31362870,1,4,0,0,1,1
77,77,0,b6ed21b99ca6f4f9f153e7b1beafed1d,1,4,0,0,1,1
78,78,0,23304b7a39f9f3ff067d8d8f9e24ecc7,1,4,0,0,1,1
79,79,0,23304b7a39f9f3ff067d8d8f9e24ecc7,2,4,0,0,1,0
80,80,0,23304b7a39f9f3ff067d8d8f9e24ecc7,2,5,0,0,1,0
81,81,0,23304b7a39f9f3ff067d8d8f9e24ecc7,2,5,0,0,1,0
82,82,0,23304b7a39f9f3ff067d8d8f9e24ecc7,2,5,0,0,1,0
83,83,0,23304b7a39f9f3ff067d8d8f9e24ecc7,2,5,0,0,1,0
84,84,0,23304b7a39f9f3ff067d8d8f9e24ecc7,2,5,0,0,1,0
85,85,0,23304b7a39f9f3ff067d8d8f9e24ecc7,2,5,0,0,1,0
86,86,0,23304b7a39f9f3ff067d8d8f9e24ecc7,2,5,0,0,1,0
87,87,0,23304b7a39f9f3ff067d8d8f9e24ecc7,2,5,0,0,1,0
88,88,0,23304b7a39f9f3ff067d8d8f9e24ecc7,2,5,0,0,1,0
89,89,0,23304b7a39f9f3ff067d8d8f9e24ecc7,2,5,0,0,1,0
90,90,0,23304b7a39f9f3ff067d8d8f9e24ecc7,2,5,0,0,1,0
91,91,0,23304b7a39f9f3ff067d8d8f9e24ecc7,2,5,0,0,1,0
92,92,0,23304b7a39f9f3ff067d8d8f9e24ecc7,2,5,0,0,1,0
93,93,0,23304b7a39f9f3ff067d8d8f9e24ecc7,2,5,0,0,1,0
94,94,0,23304b7a39f9f3ff067d8d8f9e24ecc7,2,5,0,0,1,0
95,95,0,23304b7a39f9f3ff067d8d8f9e24ecc7,2,5,0,1,1,0
96,96,0,23304b7a39f9f3ff067d8d8f9e24ecc7,2,5,0,0,1,0
97,97,0,23304b7a39f9f3ff067d8d8f9e24ecc7,2,5,0,0,1,0
98,98,0,6b83de744f1ad8fa5ab05d22a6bfce18,2,5,1,0,1,0
99,99,0,27cfb600539ca5bd3c26687e33699431,2,5,0,0,1,0
100,100,0,cda44cc78f67ea73cc34283e9b12ce8f,2,5,0,0,1,0
101,101,0,b8442bd1fa834d2ef85542023ef59874,2,5,0,0,1,0
102,102,0,5ede6bd8f58fdea90ae3772977f7c2bb,2,5,0,0,1,0
103,103,0,57196206285e6f8174d05ff0d3c27d44,2,5,0,0,1,0
104,104,0,1779a724e6eaa113cd6c167b7895fa4e,2,5,0,0,1,0
105,105,0,78d86ebbf29a397c8768636d9d7fb9e8,2,5,0,0,1,0
106,106,0,e2079b199cdf532c539477dc68a91698,2,5,0,0,1,0
107,107,0,2a358e7120bf7a42c06871f17cddf4cd,2,5,0,0,1,0
108,108,0,3b7c124f6bfdd472c90d427bf12cc64d,2,5,0,0,1,0
109,109,0,4c9fdf4d097bf22c5e9ce373d50bb26c,2,5,0,0,1,0
110,110,0,4c389957202b3f7131e0e285cc763ae7,2,5,0,0,1,0
111,111,0,f10a445cefd1e2841b1867fffcb270a4,2,5,0,0,1,0
112,112,0,f10a445cefd1e2841b1867fffcb270a4,2,5,0,0,1,0
113,113,0,f10a445cefd1e2841b1867fffcb270a4,2,5,0,0,1,0
114,114,0,46f2fb342d6f0ab477476fc501242c5f,2,5,0,0,1,1
115,115,0,46f2fb342d6f0ab477476fc501242c5f,0,5,0,0,1,0
116,116,0,46f2fb342d6f0ab477476fc501242c5f,0,0,0,0,1,0
117,117,0,46f2fb342d6f0ab477476fc501242c5f,0,0,0,0,1,0
118,118,0,46f2fb342d6f0ab477476fc501242c5f,0,0,0,0,1,0
119,119,0,46f2fb342d6f0ab477476fc501242c5f,0,0,0,0,1,0
120,120,0,46f2fb342d6f0ab477476fc501242c5f,0,0,0,0,1,0
121,121,0,46f2fb342d6f0ab477476fc501242c5f,0,0,0,0,1,0
122,122,0,46f2fb342d6f0ab477476fc501242c5f,0,0,0,0,1,0
123,123,0,46f2fb342d6f0ab477476fc501242c5f,0,0,0,0,1,0
124,124,0,46f2fb342d6f0ab477476fc501242c5f,0,0,0,0,1,0
125,125,0,46f2fb342d6f0ab477476fc501242c5f,0,0,0,0,1,0
126,126,0,46f2fb342d6f0ab477476fc501242c5f,0,0,0,0,1,0
127,127,0,46f2fb342d6f0ab477476fc501242c5f,0,0,0,0,1,0
128,128,0,46f2fb342d6f0ab477476fc501242c5f,0,0,0,0,1,0
129,129,0,46f2fb342d6f0ab477476fc501242c5f,0,0,0,0,1,0
130,130,0,46f2fb342d6f0ab477476fc501242c5f,0,0,0,0,1,0
131,131,0,46f2fb342d6f0ab477476fc501242c5f,0,0,0,1,1,0
132,132,0,46f2fb342d6f0ab477476fc501242c5f,0,0,0,0,1,0
133,133,0,46f2fb342d6f0ab477476fc501242c5f,0,0,0,0,1,0
134,134,0,c2bedd6d1797c2c6aaf363eb13803c2c,0,0,1,0,1,0
135,135,0,6086be1248db8c99c8ca0af0e4955d5c,0,0,0,0,1,0
136,136,0,ff2134570dc8be2671c8e75af6e01e98,0,0,0,0,1,0
137,137,0,314e90073a2abadfcae79da3f589dac6,0,0,0,0,1,0
138,138,0,68df08d7a395dc27a5efb74ca76c047e,0,0,0,0,1,0
139,139,0,2388e80ac01dcaa095dfad8f515d0c3a,0,0,0,0,1,0
140,140,0,8a8e0e069f3336c1085300d60ca4bca6,0,0,0,0,1,0
141,141,0,2c487d67da7837ee425232aaa9aec7ef,0,0,0,0,1,0
142,142,0,f45ff9477c48c9a2b522b6d2254e5420,0,0,0,0,1,0
143,143,0,468eb05644ad14e75c7e204c732ce8e8,0,0,0,0,1,0
144,144,0,33d3c341350cda2f5b5b8f3d141f6fe0,0,0,0,0,1,0
145,145,0,c7024e65f11e235c6cc6c29547a87a35,0,0,0,0,1,0
146,146,0,cf40bec5d859648389b39ffe26f7d1b4,0,0,0,0,1,0
147,147,0,f29000b62a499fd0a9f39a6add2e7780,0,0,0,0,1,0
148,148,0,f29000b62a499fd0a9f39a6add2e7780,0,0,0,0,1,0
149,149,0,f29000b62a499fd0a9f39a6add2e7780,0,0,0,0,1,0
150,150,0,8ea2b7ca516745bfeafc49904b496089,0,0,0,0,1,1
151,151,0,8ea2b7ca516745bfeafc49904b496089,1,0,0,0,1,0
152,152,0,8ea2b7ca516745bfeafc49904b496089,1,1,0,0,1,0
153,153,0,8ea2b7ca516745bfeafc49904b496089,1,1,0,0,1,0
154,154,0,8ea2b7ca516745bfeafc49904b496089,1,1,0,0,1,0
155,155,0,8ea2b7ca516745bfeafc49904b496089,1,1,0,0,1,0
156,156,0,8ea2b7ca516745bfeafc49904b496089,1,1,0,0,1,0
157,157,0,8ea2b7ca516745bfeafc49904b496089,1,1,0,0,1,0
158,158,0,8ea2b7ca516745bfeafc49904b496089,1,1,0,0,1,0
159,159,0,8ea2b7ca516745bfeafc49904b496089,1,1,0,0,1,0
160,160,0,8ea2b7ca516745bfeafc49904b496089,1,1,0,0,1,0
161,161,0,8ea2b7ca516745bfeafc49904b496089,1,1,0,0,1,0
162,162,0,8ea2b7ca516745bfeafc49904b496089,1,1,0,0,1,0
163,163,0,8ea2b7ca516745bfeafc49904b496089,1,1,0,0,1,0
164,164,0,8ea2b7ca516745bfeafc49904b496089,1,1,0,0,1,0
165,165,0,8ea2b7ca516745bfeafc49904b496089,1,1,0,0,1,0
166,166,0,8ea2b7ca516745bfeafc49904b496089,1,1,0,0,1,0
167,167,0,8ea2b7ca516745bfeafc49904b496089,1,1,0,1,1,0
168,168,0,8ea2b7ca516745bfeafc49904b496089,1,1,0,0,1,0
169,169,0,8ea2b7ca516745bfeafc49904b496089,1,1,0,0,1,0
170,170,0,70bc05fdaea5db25dcc984b79dd57a7e,1,2,1,0,1,0
171,171,0,715ac8295481ac11aaf27096e70c9f0c,1,3,1,0,1,0
172,172,0,18017d2ebf837141f2c7ce404cee0866,1,4,1,0,1,0
173,173,0,8841ebaf96341fac68d650f1fe570e52,1,4,1,0,1,0
174,174,0,cc1c73d3a89078f9881a553301d707b1,1,4,0,0,1,0
175,175,0,033d6ece0ae5f5290af8997b280d1ec0,1,4,0,0,1,0
176,176,0,9392d3023688c8fb5582fb5662d8f72c,1,4,0,0,1,0
177,177,0,dc2e99168be4ad70af97ca505953953e,1,4,0,0,1,0
178,178,0,b2a7a9aa58acb6296351b6f36258f9d2,1,4,0,0,1,0
179,179,0,1ffe76b980f71a546d0be7a10b72e8d3,1,4,0,0,1,0
180,180,0,b8b02e8394b38c2b069a339aab3fc14e,1,4,0,0,1,0
181,181,0,c3dc1b6cc6339faa62ef89ea459a98af,1,4,0,0,1,0
182,182,0,50cf6154758bb5ee79a53d315563022b,1,4,0,0,1,0
183,183,0,d83414223d20a0c928b136c884d07ea2,1,4,0,0,1,0
184,184,0,d83414223d20a0c928b136c884d07ea2,1,4,0,0,1,0
185,185,0,d83414223d20a0c928b136c884d07ea2,1,4,0,0,1,0
186,186,0,f3eed1bdb5d2a03c064b5a7e3db181f8,1,4,0,0,1,1
187,187,0,591ccb10d410ed26dc5ba74a31362870,1,4,0,0,1,1
188,188,0,b6ed21b99ca6f4f9f153e7b1beafed1d,1,4,0,0,1,1
189,189,0,23304b7a39f9f3ff067d8d8f9e24ecc7,1,4,0,0,1,1
190,190,0,23304b7a39f9f3ff067d8d8f9e24ecc7,2,4,0,0,1,0
191,191,0,23304b7a39f9f3ff067d8d8f9e24ecc7,2,5,0,0,1,0
192,192,0,23304b7a39f9f3ff067d8d8f9e24ecc7,2,5,0,0,1,0
193,193,0,23304b7a39f9f3ff067d8d8f9e24ecc7,2,5,0,0,1,0
194,194,0,23304b7a39f9f3ff067d8d8f9e24ecc7,2,5,0,0,1,0
195,195,0,23304b7a39f9f3ff067d8d8f9e24ecc7,2,5,0,0,1,0
196,196,0,23304b7a39f9f3ff067d8d8f9e24ecc7,2,5,0,0,1,0
197,197,0,23304b7a39f9f3ff067d8d8f9e24ecc7,2,5,0,0,1,0
198,198,0,23304b7a39f9f3ff067d8d8f9e24ecc7,2,5,0,0,1,0
199,199,0,23304b7a39f9f3ff067d8d8f9e24ecc7,2,5,0,0,1,0
200,200,0,23304b7a39f9f3ff067d8d8f9e24ecc7,2,5,0,0,1,0
201,201,0,23304b7a39f9f3ff067d8d8f9e24ecc7,2,5,0,0,1,0
202,202,0,23304b7a39f9f3ff067d8d8f9e24ecc7,2,5,0,0,1,0
203,203,0,23304b7a39f9f3ff067d8d8f9e24ecc7,2,5,0,0,1,0
204,204,0,23304b7a39f9f3ff067d8d8f9e24ecc7,2,5,0,0,1,0
205,205,0,23304b7a39f9f3ff067d8d8f9e24ecc7,2,5,0,0,1,0
206,206,0,23304b7a39f9f3ff067d8d8f9e24ecc7,2,5,0,1,1,0
207,207,0,23304b7a39f9f3ff067d8d8f9e24ecc7,2,5,0,0,1,0
208,208,0,23304b7a39f9f3ff067d8d8f9e24ecc7,2,5,0,0,1,0
209,209,0,6b83de744f1ad8fa5ab05d22a6bfce18,2,5,1,0,1,0
210,210,0,27cfb600539ca5bd3c26687e33699431,2,5,0,0,1,0
211,211,0,cda44cc78f67ea73cc34283e9b12ce8f,2,5,0,0,1,0
212,212,0,b8442bd1fa834d2ef85542023ef59874,2,5,0,0,1,0
213,213,0,5ede6bd8f58fdea90ae3772977f7c2bb,2,5,0,0,1,0
214,214,0,57196206285e6f8174d05ff0d3c27d44,2,5,0,0,1,0
215,215,0,1779a724e6eaa113cd6c167b7895fa4e,2,5,0,0,1,0
216,216,0,78d86ebbf29a397c8768636d9d7fb9e8,2,5,0,0,1,0
217,217,0,e2079b199cdf532c539477dc68a91698,2,5,0,0,1,0
218,218,0,2a358e7120bf7a42c06871f17cddf4cd,2,5,0,0,1,0
219,219,0,3b7c124f6bfdd472c90d427bf12cc64d,2,5,0,0,1,0
220,220,0,4c9fdf4d097bf22c5e9ce373d50bb26c,2,5,0,0,1,0
221,221,0,4c389957202b3f7131e0e285cc763ae7,2,5,0,0,1,0
222,222,0,f10a445cefd1e2841b1867fffcb270a4,2,5,0,0,1,0
223,223,0,f10a445cefd1e2841b1867fffcb270a4,2,5,0,0,1,0
224,224,0,f10a445cefd1e2841b1867fffcb270a4,2,5,0,0,1,0
225,225,0,46f2fb342d6f0ab477476fc501242c5f,2,5,0,0,1,1
226,226,0,46f2fb342d6f0ab477476fc501242c5f,0,5,0,0,1,0
227,227,0,46f2fb342d6f0ab477476fc501242c5f,0,0,0,0,1,0
228,228,0,46f2fb342d6f0ab477476fc501242c5f,0,0,0,0,1,0
229,229,0,46f2fb342d6f0ab477476fc501242c5f,0,0,0,0,1,0
230,230,0,46f2fb342d6f0ab477476fc501242c5f,0,0,0,0,1,0
231,231,0,46f2fb342d6f0ab477476fc501242c5f,0,0,0,0,1,0
232,232,0,46f2fb342d6f0ab477476fc501242c5f,0,0,0,0,1,0
233,233,0,46f2fb342d6f0ab477476fc501242c5f,0,0,0,0,1,0
234,234,0,46f2fb342d6f0ab477476fc501242c5f,0,0,0,0,1,0
235,235,0,46f2fb342d6f0ab477476fc501242c5f,0,0,0,0,1,0
236,236,0,46f2fb342d6f0ab477476fc501242c5f,0,0,0,0,1,0
237,237,0,46f2fb342d6f0ab477476fc501242c5f,0,0,0,0,1,0
238,238,0,46f2fb342d6f0ab477476fc501242c5f,0,0,0,0,1,0
239,239,0,46f2fb342d6f0ab477476fc501242c5f,0,0,0,0,1,0
240,240,0,46f2fb342d6f0ab477476fc501242c5f,0,0,0,0,1,0
241,241,0,46f2fb342d6f0ab477476fc501242c5f,0,0,0,0,1,0
242,242,0,46f2fb342d6f0ab477476fc501242c5f,0,0,0,1,1,0
243,243,0,46f2fb342d6f0ab477476fc501242c5f,0,0,0,0,1,0
244,244,0,46f2fb342d6f0ab477476fc501242c5f,0,0,0,0,1,0
245,245,0,c2bedd6d1797c2c6aaf363eb13803c2c,0,0,1,0,1,0
246,246,0,6086be1248db8c99c8ca0af0e4955d5c,0,0,0,0,1,0
247,247,0,ff2134570dc8be2671c8e75af6e01e98,0,0,0,0,1,0
248,248,0,314e90073a2abadfcae79da3f589dac6,0,0,0,0,1,0
249,249,0,68df08d7a395dc27a5efb74ca76c047e,0,0,0,0,1,0
250,250,0,2388e80ac01dcaa095dfad8f515d0c3a,0,0,0,0,1,0
251,251,0,8a8e0e069f3336c1085300d60ca4bca6,0,0,0,0,1,0
252,252,0,2c487d67da7837ee425232aaa9aec7ef,0,0,0,0,1,0
253,253,0,f45ff9477c48c9a2b522b6d2254e5420,0,0,0,0,1,0
254,254,0,468eb05644ad14e75c7e204c732ce8e8,0,0,0,0,1,0
255,255,0,33d3c341350cda2f5b5b8f3d141f6fe0,0,0,0,0,1,0
256,256,0,c7024e65f11e235c6cc6c29547a87a35,0,0,0,0,1,0
257,257,0,cf40bec5d859648389b39ffe26f7d1b4,0,0,0,0,1,0
258,258,0,f29000b62a499fd0a9f39a6add2e7780,0,0,0,0,1,0
259,259,0,f29000b62a499fd0a9f39a6add2e7780,0,0,0,0,1,0
260,260,0,f29000b62a499fd0a9f39a6add2e7780,0,0,0,0,1,0
261,261,0,8ea2b7ca516745bfeafc49904b496089,0,0,0,0,1,1
262,262,0,8ea2b7ca516745bfeafc49904b496089,1,0,0,0,1,0
263,263,0,8ea2b7ca516745bfeafc49904b496089,1,1,0,0,1,0
264,264,0,8ea2b7ca516745bfeafc49904b496089,1,1,0,0,1,0
265,265,0,8ea2b7ca516745bfeafc49904b496089,1,1,0,0,1,0
266,266,0,8ea2b7ca516745bfeafc49904b496089,1,1,0,0,1,0
267,267,0,8ea2b7ca516745bfeafc49904b496089,1,1,0,0,1,0
268,268,0,8ea2b7ca516745bfeafc49904b496089,1,1,0,0,1,0
269,269,0,8ea2b7ca516745bfeafc49904b496089,1,1,0,0,1,0
270,270,0,8ea2b7ca516745bfeafc49904b496089,1,1,0,0,1,0
271,271,0,8ea2b7ca516745bfeafc49904b496089,1,1,0,0,1,0
272,272,0,8ea2b7ca516745bfeafc49904b496089,1,1,0,0,1,0
273,273,0,8ea2b7ca516745bfeafc49904b496089,1,1,0,0,1,0
274,274,0,8ea2b7ca516745bfeafc49904b496089,1,1,0,0,1,0
275,275,0,8ea2b7ca516745bfeafc49904b496089,1,1,0,0,1,0
276,276,0,8ea2b7ca516745bfeafc49904b496089,1,1,0,0,1,0
277,277,0,8ea2b7ca516745bfeafc49904b496089,1,1,0,0,1,0
278,278,0,8ea2b7ca516745bfeafc49904b496089,1,1,0,1,1,0
279,279,0,8ea2b7ca516745bfeafc49904b496089,1,1,0,0,1,0
280,280,0,8ea2b7ca516745bfeafc49904b496089,1,1,0,0,1,0
281,281,0,70bc05fdaea5db25dcc984b79dd57a7e,1,2,1,0,1,0
282,282,0,715ac8295481ac11aaf27096e70c9f0c,1,3,1,0,1,0
283,283,0,18017d2ebf837141f2c7ce404cee0866,1,4,1,0,1,0
284,284,0,8841ebaf96341fac68d650f1fe570e52,1,4,1,0,1,0
285,285,0,cc1c73d3a89078f9881a553301d707b1,1,4,0,0,1,0
286,286,0,033d6ece0ae5f5290af8997b280d1ec0,1,4,0,0,1,0
287,287,0,9392d3023688c8fb5582fb5662d8f72c,1,4,0,0,1,0
288,288,0,dc2e99168be4ad70af97ca505953953e,1,4,0,0,1,0
289,289,0,b2a7a9aa58acb6296351b6f36258f9d2,1,4,0,0,1,0
290,290,0,1ffe76b980f71a546d0be7a10b72e8d3,1,4,0,0,1,0
291,291,0,b8b02e8394b38c2b069a339aab3fc14e,1,4,0,0,1,0
292,292,0,c3dc1b6cc6339faa62ef89ea459a98af,1,4,0,0,1,0
293,293,0,50cf6154758bb5ee79a53d315563022b,1,4,0,0,1,0
294,294,0,d83414223d20a0c928b136c884d07ea2,1,4,0,0,1,0
295,295,0,d83414223d20a0c928b136c884d07ea2,1,4,0,0,1,0
296,296,0,d83414223d20a0c928b136c884d07ea2,1,4,0,0,1,0
297,297,0,f3eed1bdb5d2a03c064b5a7e3db181f8,1,4,0,0,1,1
298,298,0,591ccb10d410ed26dc5ba74a31362870,1,4,0,0,1,1
299,299,0,b6ed21b99ca6f4f9f153e7b1beafed1d,1,4,0,0,1,1
300,300,0,23304b7a39f9f3ff067d8d8f9e24ecc7,1,4,0,0,1,1
301,301,0,23304b7a39f9f3ff067d8d8f9e24ecc7,2,4,0,0,1,0
302,302,0,23304b7a39f9f3ff067d8d8f9e24ecc7,2,5,0,0,1,0
303,303,0,23304b7a39f9f3ff067d8d8f9e24ecc7,2,5,0,0,1,0
304,304,0,23304b7a39f9f3ff067d8d8f9e24ecc7,2,5,0,0,1,0
305,305,0,23304b7a39f9f3ff067d8d8f9e24ecc7,2,5,0,0,1,0
306,306,0,23304b7a39f9f3ff067d8d8f9e24ecc7,2,5,0,0,1,0
307,307,0,23304b7a39f9f3ff067d8d8f9e24ecc7,2,5,0,0,1,0
308,308,0,23304b7a39f9f3ff067d8d8f9e24ecc7,2,5,0,0,1,0
309,309,0,23304b7a39f9f3ff067d8d8f9e24ecc7,2,5,0,0,1,0
310,310,0,23304b7a39f9f3ff067d8d8f9e24ecc7,2,5,0,0,1,0
311,311,0,23304b7a39f9f3ff067d8d8f9e24ecc7,2,5,0,0,1,0
312,312,0,23304b7a39f9f3ff067d8d8f9e24ecc7,2,5,0,0,1,0
313,313,0,23304b7a39f9f3ff067d8d8f9e24ecc7,2,5,0,0,1,0
314,314,0,23304b7a39f9f3ff067d8d8f9e24ecc7,2,5,0,0,1,0
315,315,0,23304b7a39f9f3ff067d8d8f9e24ecc7,2,5,0,0,1,0
316,316,0,23304b7a39f9f3ff067d8d8f9e24ecc7,2,5,0,0,1,0
317,317,0,23304b7a39f9f3ff067d8d8f9e24ecc7,2,5,0,1,1,0
318,318,0,23304b7a39f9f3ff067d8d8f9e24ecc7,2,5,0,0,1,0
319,319,0,23304b7a39f9f3ff067d8d8f9e24ecc7,2,5,0,0,1,0
320,320,0,6b83de744f1ad8fa5ab05d22a6bfce18,2,5,1,0,1,0
321,321,0,27cfb600539ca5bd3c26687e33699431,2,5,0,0,1,0
322,322,0,cda44cc78f67ea73cc34283e9b12ce8f,2,5,0,0,1,0
323,323,0,b8442bd1fa834d2ef85542023ef59874,2,5,0,0,1,0
324,324,0,5ede6bd8f58fdea90ae3772977f7c2bb,2,5,0,0,1,0
325,325,0,57196206285e6f8174d05ff0d3c27d44,2,5,0,0,1,0
326,326,0,1779a724e6eaa113cd6c167b7895fa4e,2,5,0,0,1,0
327,327,0,78d86ebbf29a397c8768636d9d7fb9e8,2,5,0,0,1,0
328,328,0,e2079b199cdf532c539477dc68a91698,2,5,0,0,1,0
329,329,0,2a358e7120bf7a42c06871f17cddf4cd,2,5,0,0,1,0
330,330,0,3b7c124f6bfdd472c90d427bf12cc64d,2,5,0,0,1,0
331,331,0,4c9fdf4d097bf22c5e9ce373d50bb26c,2,5,0,0,1,0
332,332,0,4c389957202b3f7131e0e285cc763ae7,2,5,0,0,1,0
333,333,0,f10a445cefd1e2841b1867fffcb270a4,2,5,0,0,1,0
334,334,0,f10a445cefd1e2841b1867fffcb270a4,2,5,0,0,1,0
335,335,0,f10a445cefd1e2841b1867fffcb270a4,2,5,0,0,1,0
336,336,0,46f2fb342d6f0ab477476fc501242c5f,2,5,0,0,1,1
337,337,0,46f2fb342d6f0ab477476fc501242c5f,0,5,0,0,1,0
338,338,0,46f2fb342d6f0ab477476fc501242c5f,0,0,0,0,1,0
339,339,0,46f2fb342d6f0ab477476fc501242c5f,0,0,0,0,1,0
340,340,0,46f2fb342d6f0ab477476fc501242c5f,0,0,0,0,1,0
341,341,0,46f2fb342d6f0ab477476fc501242c5f,0,0,0,0,1,0
342,342,0,46f2fb342d6f0ab477476fc501242c5f,0,0,0,0,1,0
343,343,0,46f2fb342d6f0ab477476fc501242c5f,0,0,0,0,1,0
344,344,0,46f2fb342d6f0ab477476fc501242c5f,0,0,0,0,1,0
345,345,0,46f2fb342d6f0ab477476fc501242c5f,0,0,0,0,1,0
346,346,0,46f2fb342d6f0ab477476fc501242c5f,0,0,0,0,1,0
347,347,0,46f2fb342d6f0ab477476fc501242c5f,0,0,0,0,1,0
348,348,0,46f2fb342d6f0ab477476fc501242c5f,0,0,0,0,1,0
349,349,0,46f2fb342d6f0ab477476fc501242c5f,0,0,0,0,1,0
350,350,0,46f2fb342d6f0ab477476fc501242c5f,0,0,0,0,1,0
351,351,0,46f2fb342d6f0ab477476fc501242c5f,0,0,0,0,1,0
352,352,0,46f2fb342d6f0ab477476fc501242c5f,0,0,0,0,1,0
353,353,0,46f2fb342d6f0ab477476fc501242c5f,0,0,0,1,1,0
354,354,0,46f2fb342d6f0ab477476fc501242c5f,0,0,0,0,1,0
355,355,0,46f2fb342d6f0ab477476fc501242c5f,0,0,0,0,1,0
356,356,0,c2bedd6d1797c2c6aaf363eb13803c2c,0,0,1,0,1,0
357,357,0,6086be1248db8c99c8ca0af0e4955d5c,0,0,0,0,1,0
358,358,0,ff2134570dc8be2671c8e75af6e01e98,0,0,0,0,1,0
359,359,0,314e90073a2abadfcae79da3f589dac6,0,0,0,0,1,0
360,360,0,68df08d7a395dc27a5efb74ca76c047e,0,0,0,0,1,0
361,361,0,2388e80ac01dcaa095dfad8f515d0c3a,0,0,0,0,1,0
362,362,0,8a8e0e069f3336c1085300d60ca4bca6,0,0,0,0,1,0
363,363,0,2c487d67da7837ee425232aaa9aec7ef,0,0,0,0,1,0
364,364,0,f45ff9477c48c9a2b522b6d2254e5420,0,0,0,0,1,0
365,365,0,468eb05644ad14e75c7e204c732ce8e8,0,0,0,0,1,0
366,366,0,33d3c341350cda2f5b5b8f3d141f6fe0,0,0,0,0,1,0
367,367,0,c7024e65f11e235c6cc6c29547a87a35,0,0,0,0,1,0
368,368,0,cf40bec5d859648389b39ffe26f7d1b4,0,0,0,0,1,0
369,369,0,f29000b62a499fd0a9f39a6add2e7780,0,0,0,0,1,0
370,370,0,f29000b62a499fd0a9f39a6add2e7780,0,0,0,0,1,0
371,371,0,f29000b62a499fd0a9f39a6add2e7780,0,0,0,0,1,0
372,372,0,8ea2b7ca516745bfeafc49904b496089,0,0,0,0,1,1
373,373,0,8ea2b7ca516745bfeafc49904b496089,1,0,0,0,1,0
374,374,0,8ea2b7ca516745bfeafc49904b496089,1,1,0,0,1,0
375,375,0,8ea2b7ca516745bfeafc49904b496089,1,1,0,0,1,0
376,376,0,8ea2b7ca516745bfeafc49904b496089,1,1,0,0,1,0
377,377,0,8ea2b7ca516745bfeafc49904b496089,1,1,0,0,1,0
378,378,0,8ea2b7ca516745bfeafc49904b496089,1,1,0,0,1,0
379,379,0,8ea2b7ca516745bfeafc49904b496089,1,1,0,0,1,0
380,380,0,8ea2b7ca516745bfeafc49904b496089,1,1,0,0,1,0
381,381,0,8ea2b7ca516745bfeafc49904b496089,1,1,0,0,1,0
382,382,0,8ea2b7ca516745bfeafc49904b496089,1,1,0,0,1,0
383,383,0,8ea2b7ca516745bfeafc49904b496089,1,1,0,0,1,0
384,384,0,8ea2b7ca516745bfeafc49904b496089,1,1,0,0,1,0
385,385,0,8ea2b7ca516745bfeafc49904b496089,1,1,0,0,1,0
386,386,0,8ea2b7ca516745bfeafc49904b496089,1,1,0,0,1,0
387,387,0,8ea2b7ca516745bfeafc49904b496089,1,1,0,0,1,0
388,388,0,8ea2b7ca516745bfeafc49904b496089,1,1,0,0,1,0
389,389,0,8ea2b7ca516745bfeafc49904b496089,1,1,0,1,1,0
390,390,0,8ea2b7ca516745bfeafc49904b496089,1,1,0,0,1,0
391,391,0,8ea2b7ca516745bfeafc49904b496089,1,1,0,0,1,0
392,392,0,70bc05fdaea5db25dcc984b79dd57a7e,1,2,1,0,1,0
393,393,0,715ac8295481ac11aaf27096e70c9f0c,1,3,1,0,1,0
394,394,0,18017d2ebf837141f2c7ce404cee0866,1,4,1,0,1,0
395,395,0,8841ebaf96341fac68d650f1fe570e52,1,4,1,0,1,0
396,396,0,cc1c73d3a89078f9881a553301d707b1,1,4,0,0,1,0
397,397,0,033d6ece0ae5f5290af8997b280d1ec0,1,4,0,0,1,0
398,398,0,9392d3023688c8fb5582fb5662d8f72c,1,4,0,0,1,0
399,399,0,dc2e99168be4ad70af97ca505953953e,1,4,0,0,1,0
400,400,0,b2a7a9aa58acb6296351b6f36258f9d2,1,4,0,0,1,0
401,401,0,1ffe76b980f71a546d0be7a10b72e8d3,1,4,0,0,1,0
402,402,0,b8b02e8394b38c2b069a339aab3fc14e,1,4,0,0,1,0
403,403,0,c3dc1b6cc6339faa62ef89ea459a98af,1,4,0,0,1,0
404,404,0,50cf6154758bb5ee79a53d315563022b,1,4,0,0,1,0
405,405,0,d83414223d20a0c928b136c884d07ea2,1,4,0,0,1,0
406,406,0,d83414223d20a0c928b136c884d07ea2,1,4,0,0,1,0
407,407,0,d83414223d20a0c928b136c884d07ea2,1,4,0,0,1,0
408,408,0,f3eed1bdb5d2a03c064b5a7e3db181f8,1,4,0,0,1,1
409,409,0,591ccb10d410ed26dc5ba74a31362870,1,4,0,0,1,1
410,410,0,b6ed21b99ca6f4f9f153e7b1beafed1d,1,4,0,0,1,1
411,411,0,23304b7a39f9f3ff067d8d8f9e24ecc7,1,4,0,0,1,1
412,412,0,23304b7a39f9f3ff067d8d8f9e24ecc7,2,4,0,0,1,0
413,413,0,23304b7a39f9f3ff067d8d8f9e24ecc7,2,5,0,0,1,0
414,414,0,23304b7a39f9f3ff067d8d8f9e24ecc7,2,5,0,0,1,0
415,415,0,23304b7a39f9f3ff067d8d8f9e24ecc7,2,5,0,0,1,0
416,416,0,23304b7a39f9f3ff067d8d8f9e24ecc7,2,5,0,0,1,0
417,417,0,23304b7a39f9f3ff067d8d8f9e24ecc7,2,5,0,0,1,0
418,418,0,23304b7a39f9f3ff067d8d8f9e24ecc7,2,5,0,0,1,0
419,419,0,23304b7a39f9f3ff067d8d8f9e24ecc7,2,5,0,0,1,0
420,420,0,23304b7a39f9f3ff067d8d8f9e24ecc7,2,5,0,0,1,0
421,421,0,23304b7a39f9f3ff067d8d8f9e24ecc7,2,5,0,0,1,0
422,422,0,23304b7a39f9f3ff067d8d8f9e24ecc7,2,5,0,0,1,0
423,423,0,23304b7a39f9f3ff067d8d8f9e24ecc7,2,5,0,0,1,0
424,424,0,23304b7a39f9f3ff067d8d8f9e24ecc7,2,5,0,0,1,0
425,425,0,23304b7a39f9f3ff067d8d8f9e24ecc7,2,5,0,0,1,0
426,426,0,23304b7a39f9f3ff067d8d8f9e24ecc7,2,5,0,0,1,0
427,427,0,23304b7a39f9f3ff067d8d8f9e24ecc7,2,5,0,0,1,0
428,428,0,23304b7a39f9f3ff067d8d8f9e24ecc7,2,5,0,1,1,0
429,429,0,23304b7a39f9f3ff067d8d8f9e24ecc7,2,5,0,0,1,0
430,430,0,23304b7a39f9f3ff067d8d8f9e24ecc7,2,5,0,0,1,0
431,431,0,6b83de744f1ad8fa5ab05d22a6bfce18,2,5,1,0,1,0
432,432,0,27cfb600539ca5bd3c26687e33699431,2,5,0,0,1,0
433,433,0,cda44cc78f67ea73cc34283e9b12ce8f,2,5,0,0,1,0
434,434,0,b8442bd1fa834d2ef85542023ef59874,2,5,0,0,1,0
435,435,0,5ede6bd8f58fdea90ae3772977f7c2bb,2,5,0,0,1,0
436,436,0,57196206285e6f8174d05ff0d3c27d44,2,5,0,0,1,0
437,437,0,1779a724e6eaa113cd6c167b7895fa4e,2,5,0,0,1,0
438,438,0,78d86ebbf29a397c8768636d9d7fb9e8,2,5,0,0,1,0
439,439,0,e2079b199cdf532c539477dc68a91698,2,5,0,0,1,0
440,440,0,2a358e7120bf7a42c06871f17cddf4cd,2,5,0,0,1,0
441,441,0,3b7c124f6bfdd472c90d427bf12cc64d,2,5,0,0,1,0
442,442,0,4c9fdf4d097bf22c5e9ce373d50bb26c,2,5,0,0,1,0
443,443,0,4c389957202b3f7131e0e285cc763ae7,2,5,0,0,1,0
444,444,0,f10a445cefd1e2841b1867fffcb270a4,2,5,0,0,1,0
445,445,0,f10a445cefd1e2841b1867fffcb270a4,2,5,0,0,1,0
446,446,0,f10a445cefd1e2841b1867fffcb270a4,2,5,0,0,1,0
447,447,0,46f2fb342d6f0ab477476fc501242c5f,2,5,0,0,1,1
448,448,0,46f2fb342d6f0ab477476fc501242c5f,0,5,0,0,1,0
449,449,0,46f2fb342d6f0ab477476fc501242c5f,0,0,0,0,1,0
450,450,0,46f2fb342d6f0ab477476fc501242c5f,0,0,0,0,1,0
451,451,0,46f2fb342d6f0ab477476fc501242c5f,0,0,0,0,1,0
452,452,0,46f2fb342d6f0ab477476fc501242c5f,0,0,0,0,1,0
453,453,0,46f2fb342d6f0ab477476fc501242c5f,0,0,0,0,1,0
454,454,0,46f2fb342d6f0ab477476fc501242c5f,0,0,0,0,1,0
455,455,0,46f2fb342d6f0ab477476fc501242c5f,0,0,0,0,1,0
456,456,0,46f2fb342d6f0ab477476fc501242c5f,0,0,0,0,1,0
457,457,0,46f2fb342d6f0ab477476fc501242c5f,0,0,0,0,1,0
458,458,0,46f2fb342d6f0ab477476fc501242c5f,0,0,0,0,1,0
459,459,0,46f2fb342d6f0ab477476fc501242c5f,0,0,0,0,1,0
460,460,0,46f2fb342d6f0ab477476fc501242c5f,0,0,0,0,1,0
461,461,0,46f2fb342d6f0ab477476fc501242c5f,0,0,0,0,1,0
462,462,0,46f2fb342d6f0ab477476fc501242c5f,0,0,0,0,1,0
463,463,0,46f2fb342d6f0ab477476fc501242c5f,0,0,0,0,1,0
464,464,0,46f2fb342d6f0ab477476fc501242c5f,0,0,0,1,1,0
465,465,0,46f2fb342d6f0ab477476fc501242c5f,0,0,0,0,1,0
466,466,0,46f2fb342d6f0ab477476fc501242c5f,0,0,0,0,1,0
467,467,0,c2bedd6d1797c2c6aaf363eb13803c2c,0,0,1,0,1,0
468,468,0,6086be1248db8c99c8ca0af0e4955d5c,0,0,0,0,1,0
469,469,0,ff2134570dc8be2671c8e75af6e01e98,0,0,0,0,1,0
470,470,0,314e90073a2abadfcae79da3f589dac6,0,0,0,0,1,0
471,471,0,68df08d7a395dc27a5efb74ca76c047e,0,0,0,0,1,0
472,472,0,2388e80ac01dcaa095dfad8f515d0c3a,0,0,0,0,1,0
473,473,0,8a8e0e069f3336c1085300d60ca4bca6,0,0,0,0,1,0
474,474,0,2c487d67da7837ee425232aaa9aec7ef,0,0,0,0,1,0
475,475,0,f45ff9477c48c9a2b522b6d2254e5420,0,0,0,0,1,0
476,476,0,468eb05644ad14e75c7e204c732ce8e8,0,0,0,0,1,0
477,477,0,33d3c341350cda2f5b5b8f3d141f6fe0,0,0,0,0,1,0
478,478,0,c7024e65f11e235c6cc6c29547a87a35,0,0,0,0,1,0
479,479,0,cf40bec5d859648389b39ffe26f7d1b4,0,0,0,0,1,0
480,480,0,f29000b62a499fd0a9f39a6add2e7780,0,0,0,0,1,0
481,481,0,f29000b62a499fd0a9f39a6add2e7780,0,0,0,0,1,0
482,482,0,f29000b62a499fd0a9f39a6add2e7780,0,0,0,0,1,0
483,483,0,8ea2b7ca516745bfeafc49904b496089,0,0,0,0,1,1
484,484,0,8ea2b7ca516745bfeafc49904b496089,1,0,0,0,1,0
485,485,0,8ea2b7ca516745bfeafc49904b496089,1,1,0,0,1,0
486,486,0,8ea2b7ca516745bfeafc49904b496089,1,1,0,0,1,0
487,487,0,8ea2b7ca516745bfeafc49904b496089,1,1,0,0,1,0
488,488,0,8ea2b7ca516745bfeafc49904b496089,1,1,0,0,1,0
489,489,0,8ea2b7ca516745bfeafc49904b496089,1,1,0,0,1,0
490,490,0,8ea2b7ca516745bfeafc49904b496089,1,1,0,0,1,0
491,491,0,8ea2b7ca516745bfeafc49904b496089,1,1,0,0,1,0
492,492,0,8ea2b7ca516745bfeafc49904b496089,1,1,0,0,1,0
493,493,0,8ea2b7ca516745bfeafc49904b496089,1,1,0,0,1,0
494,494,0,8ea2b7ca516745bfeafc49904b496089,1,1,0,0,1,0
495,495,0,8ea2b7ca516745bfeafc49904b496089,1,1,0,0,1,0
496,496,0,8ea2b7ca516745bfeafc49904b496089,1,1,0,0,1,0
497,497,0,8ea2b7ca516745bfeafc49904b496089,1,1,0,0,1,0
498,498,0,8ea2b7ca516745bfeafc49904b496089,1,1,0,0,1,0
499,499,0,8ea2b7ca516745bfeafc49904b496089,1,1,0,0,1,0
500,500,0,8ea2b7ca516745bfeafc49904b496089,1,1,0,1,1,0
501,501,0,8ea2b7ca516745bfeafc49904b496089,1,1,0,0,1,0
502,502,0,8ea2b7ca516745bfeafc49904b496089,1,1,0,0,1,0
503,503,0,70bc05fdaea5db25dcc984b79dd57a7e,1,2,1,0,1,0
504,504,0,715ac8295481ac11aaf27096e70c9f0c,1,3,1,0,1,0
505,505,0,18017d2ebf837141f2c7ce404cee0866,1,4,1,0,1,0
506,506,0,8841ebaf96341fac68d650f1fe570e52,1,4,1,0,1,0
507,507,0,cc1c73d3a89078f9881a553301d707b1,1,4,0,0,1,0
508,508,0,033d6ece0ae5f5290af8997b280d1ec0,1,4,0,0,1,0
509,509,0,9392d3023688c8fb5582fb5662d8f72c,1,4,0,0,1,0
510,510,0,dc2e99168be4ad70af97ca505953953e,1,4,0,0,1,0
511,511,0,b2a7a9aa58acb6296351b6f36258f9d2,1,4,0,0,1,0
512,512,1,1ffe76b980f71a546d0be7a10b72e8d3,1,4,0,0,1,0
513,513,0,b8b02e8394b38c2b069a339aab3fc14e,1,4,0,0,1,0
514,514,0,c3dc1b6cc6339faa62ef89ea459a98af,1,4,0,0,1,0
515,515,0,50cf6154758bb5ee79a53d315563022b,1,4,0,0,1,0
516,516,0,d83414223d20a0c928b136c884d07ea2,1,4,0,0,1,0
517,517,0,d83414223d20a0c928b136c884d07ea2,1,4,0,0,1,0
518,518,0,d83414223d20a0c928b136c884d07ea2,1,4,0,0,1,0
519,519,0,f3eed1bdb5d2a03c064b5a7e3db181f8,1,4,0,0,1,1
520,520,0,591ccb10d410ed26dc5ba74a31362870,1,4,0,0,1,1
521,521,0,b6ed21b99ca6f4f9f153e7b1beafed1d,1,4,0,0,1,1
522,522,0,23304b7a39f9f3ff067d8d8f9e24ecc7,1,4,0,0,1,1
523,523,0,23304b7a39f9f3ff067d8d8f9e24ecc7,2,4,0,0,1,0
524,524,0,23304b7a39f9f3ff067d8d8f9e24ecc7,2,5,0,0,1,0
525,525,0,23304b7a39f9f3ff067d8d8f9e24ecc7,2,5,0,0,1,0
526,526,0,23304b7a39f9f3ff067d8d8f9e24ecc7,2,5,0,0,1,0
527,527,0,23304b7a39f9f3ff067d8d8f9e24ecc7,2,5,0,0,1,0
528,528,0,23304b7a39f9f3ff067d8d8f9e24ecc7,2,5,0,0,1,0
529,529,0,23304b7a39f9f3ff067d8d8f9e24ecc7,2,5,0,0,1,0
530,530,0,23304b7a39f9f3ff067d8d8f9e24ecc7,2,5,0,0,1,0
531,531,0,23304b7a39f9f3ff067d8d8f9e24ecc7,2,5,0,0,1,0
532,532,0,23304b7a39f9f3ff067d8d8f9e24ecc7,2,5,0,0,1,0
533,533,0,23304b7a39f9f3ff067d8d8f9e24ecc7,2,5,0,0,1,0
534,534,0,23304b7a39f9f3ff067d8d8f9e24ecc7,2,5,0,0,1,0
535,535,0,23304b7a39f9f3ff067d8d8f9e24ecc7,2,5,0,0,1,0
536,536,0,23304b7a39f9f3ff067d8d8f9e24ecc7,2,5,0,0,1,0
537,537,0,23304b7a39f9f3ff067d8d8f9e24ecc7,2,5,0,0,1,0
538,538,0,23304b7a39f9f3ff067d8d8f9e24ecc7,2,5,0,0,1,0
539,539,0,23304b7a39f9f3ff067d8d8f9e24ecc7,2,5,0,1,1,0
540,540,0,23304b7a39f9f3ff067d8d8f9e24ecc7,2,5,0,0,1,0
541,541,0,23304b7a39f9f3ff067d8d8f9e24ecc7,2,5,0,0,1,0
542,542,0,6b83de744f1ad8fa5ab05d22a6bfce18,2,5,1,0,1,0
543,543,0,27cfb600539ca5bd3c26687e33699431,2,5,0,0,1,0
544,544,0,cda44cc78f67ea73cc34283e9b12ce8f,2,5,0,0,1,0
545,545,0,b8442bd1fa834d2ef85542023ef59874,2,5,0,0,1,0
546,546,0,5ede6bd8f58fdea90ae3772977f7c2bb,2,5,0,0,1,0
547,547,0,57196206285e6f8174d05ff0d3c27d44,2,5,0,0,1,0
548,548,0,1779a724e6eaa113cd6c167b7895fa4e,2,5,0,0,1,0
549,549,0,78d86ebbf29a397c8768636d9d7fb9e8,2,5,0,0,1,0
550,550,0,e2079b199cdf532c539477dc68a91698,2,5,0,0,1,0
551,551,0,2a358e7120bf7a42c06871f17cddf4cd,2,5,0,0,1,0
552,552,0,3b7c124f6bfdd472c90d427bf12cc64d,2,5,0,0,1,0
553,553,0,4c9fdf4d097bf22c5e9ce373d50bb26c,2,5,0,0,1,0
554,554,0,4c389957202b3f7131e0e285cc763ae7,2,5,0,0,1,0
555,555,0,f10a445cefd1e2841b1867fffcb270a4,2,5,0,0,1,0
556,556,0,f10a445cefd1e2841b1867fffcb270a4,2,5,0,0,1,0
557,557,0,f10a445cefd1e2841b1867fffcb270a4,2,5,0,0,1,0
558,558,0,46f2fb342d6f0ab477476fc501242c5f,2,5,0,0,1,1
559,559,0,46f2fb342d6f0ab477476fc501242c5f,0,5,0,0,1,0
560,560,0,46f2fb342d6f0ab477476fc501242c5f,0,0,0,0,1,0
561,561,0,46f2fb342d6f0ab477476fc501242c5f,0,0,0,0,1,0
562,562,0,46f2fb342d6f0ab477476fc501242c5f,0,0,0,0,1,0
563,563,0,46f2fb342d6f0ab477476fc501242c5f,0,0,0,0,1,0
564,564,0,46f2fb342d6f0ab477476fc501242c5f,0,0,0,0,1,0
565,565,0,46f2fb342d6f0ab477476fc501242c5f,0,0,0,0,1,0
566,566,0,46f2fb342d6f0ab477476fc501242c5f,0,0,0,0,1,0
567,567,0,46f2fb342d6f0ab477476fc501242c5f,0,0,0,0,1,0
568,568,0,46f2fb342d6f0ab477476fc501242c5f,0,0,0,0,1,0
569,569,0,46f2fb342d6f0ab477476fc501242c5f,0,0,0,0,1,0
570,570,0,46f2fb342d6f0ab477476fc501242c5f,0,0,0,0,1,0
571,571,0,46f2fb342d6f0ab477476fc501242c5f,0,0,0,0,1,0
572,572,0,46f2fb342d6f0ab477476fc501242c5f,0,0,0,0,1,0
573,573,0,46f2fb342d6f0ab477476fc501242c5f,0,0,0,0,1,0
574,574,0,46f2fb342d6f0ab477476fc501242c5f,0,0,0,0,1,0
575,575,0,46f2fb342d6f0ab477476fc501242c5f,0,0,0,1,1,0
576,576,0,46f2fb342d6f0ab477476fc501242c5f,0,0,0,0,1,0
577,577,0,46f2fb342d6f0ab477476fc501242c5f,0,0,0,0,1,0
578,578,0,c2bedd6d1797c2c6aaf363eb13803c2c,0,0,1,0,1,0
579,579,0,6086be1248db8c99c8ca0af0e4955d5c,0,0,0,0,1,0
580,580,0,ff2134570dc8be2671c8e75af6e01e98,0,0,0,0,1,0
581,581,0,314e90073a2abadfcae79da3f589dac6,0,0,0,0,1,0
582,582,0,68df08d7a395dc27a5efb74ca76c047e,0,0,0,0,1,0
583,583,0,2388e80ac01dcaa095dfad8f515d0c3a,0,0,0,0,1,0
584,584,0,8a8e0e069f3336c1085300d60ca4bca6,0,0,0,0,1,0
585,585,0,2c487d67da7837ee425232aaa9aec7ef,0,0,0,0,1,0
586,586,0,f45ff9477c48c9a2b522b6d2254e5420,0,0,0,0,1,0
587,587,0,468eb05644ad14e75c7e204c732ce8e8,0,0,0,0,1,0
588,588,0,33d3c341350cda2f5b5b8f3d141f6fe0,0,0,0,0,1,0
589,589,0,c7024e65f11e235c6cc6c29547a87a35,0,0,0,0,1,0
590,590,0,cf40bec5d859648389b39ffe26f7d1b4,0,0,0,0,1,0
591,591,0,f29000b62a499fd0a9f39a6add2e7780,0,0,0,0,1,0
592,592,0,f29000b62a499fd0a9f39a6add2e7780,0,0,0,0,1,0
593,593,0,f29000b62a499fd0a9f39a6add2e7780,0,0,0,0,1,0
594,594,0,8ea2b7ca516745bfeafc49904b496089,0,0,0,0,1,1
595,595,0,8ea2b7ca516745bfeafc49904b496089,1,0,0,0,1,0
596,596,0,8ea2b7ca516745bfeafc49904b496089,1,1,0,0,1,0
597,597,0,8ea2b7ca516745bfeafc49904b496089,1,1,0,0,1,0
598,598,0,8ea2b7ca516745bfeafc49904b496089,1,1,0,0,1,0
599,599,0,8ea2b7ca516745bfeafc49904b496089,1,1,0,0,1,0
600,600,0,8ea2b7ca516745bfeafc49904b496089,1,1,0,0,1,0
601,601,0,8ea2b7ca516745bfeafc49904b496089,1,1,0,0,1,0
602,602,0,8ea2b7ca516745bfeafc49904b496089,1,1,0,0,1,0
603,603,0,8ea2b7ca516745bfeafc49904b496089,1,1,0,0,1,0
604,604,0,8ea2b7ca516745bfeafc49904b496089,1,1,0,0,1,0
605,605,0,8ea2b7ca516745bfeafc49904b496089,1,1,0,0,1,0
606,606,0,8ea2b7ca516745bfeafc49904b496089,1,1,0,0,1,0
607,607,0,8ea2b7ca516745bfeafc49904b496089,1,1,0,0,1,0
608,608,0,8ea2b7ca516745bfeafc49904b496089,1,1,0,0,1,0
609,609,0,8ea2b7ca516745bfeafc49904b496089,1,1,0,0,1,0
610,610,0,8ea2b7ca516745bfeafc49904b496089,1,1,0,0,1,0
611,611,0,8ea2b7ca516745bfeafc49904b496089,1,1,0,1,1,0
612,612,0,8ea2b7ca516745bfeafc49904b496089,1,1,0,0,1,0
613,613,0,8ea2b7ca516745bfeafc49904b496089,1,1,0,0,1,0
614,614,0,70bc05fdaea5db25dcc984b79dd57a7e,1,2,1,0,1,0
615,615,0,715ac8295481ac11aaf27096e70c9f0c,1,3,1,0,1,0
616,616,0,18017d2ebf837141f2c7ce404cee0866,1,4,1,0,1,0
617,617,0,8841ebaf96341fac68d650f1fe570e52,1,4,1,0,1,0
618,618,0,cc1c73d3a89078f9881a553301d707b1,1,4,0,0,1,0
619,619,0,033d6ece0ae5f5290af8997b280d1ec0,1,4,0,0,1,0
620,620,0,9392d3023688c8fb5582fb5662d8f72c,1,4,0,0,1,0
621,621,0,dc2e99168be4ad70af97ca505953953e,1,4,0,0,1,0
622,622,0,b2a7a9aa58acb6296351b6f36258f9d2,1,4,0,0,1,0
623,623,0,1ffe76b980f71a546d0be7a10b72e8d3,1,4,0,0,1,0
624,624,0,b8b02e8394b38c2b069a339aab3fc14e,1,4,0,0,1,0
625,625,0,c3dc1b6cc6339faa62ef89ea459a98af,1,4,0,0,1,0
626,626,0,50cf6154758bb5ee79a53d315563022b,1,4,0,0,1,0
627,627,0,d83414223d20a0c928b136c884d07ea2,1,4,0,0,1,0
628,628,0,d83414223d20a0c928b136c884d07ea2,1,4,0,0,1,0
629,629,0,d83414223d20a0c928b136c884d07ea2,1,4,0,0,1,0
630,630,0,f3eed1bdb5d2a03c064b5a7e3db181f8,1,4,0,0,1,1
631,631,0,591ccb10d410ed26dc5ba74a31362870,1,4,0,0,1,1
632,632,0,b6ed21b99ca6f4f9f153e7b1beafed1d,1,4,0,0,1,1
633,633,0,23304b7a39f9f3ff067d8d8f9e24ecc7,1,4,0,0,1,1
634,634,0,23304b7a39f9f3ff067d8d8f9e24ecc7,2,4,0,0,1,0
635,635,0,23304b7a39f9f3ff067d8d8f9e24ecc7,2,5,0,0,1,0
636,636,0,23304b7a39f9f3ff067d8d8f9e24ecc7,2,5,0,0,1,0
637,637,0,23304b7a39f9f3ff067d8d8f9e24ecc7,2,5,0,0,1,0
638,638,0,23304b7a39f9f3ff067d8d8f9e24ecc7,2,5,0,0,1,0
639,639,0,23304b7a39f9f3ff067d8d8f9e24ecc7,2,5,0,0,1,0
640,640,0,23304b7a39f9f3ff067d8d8f9e24ecc7,2,5,0,0,1,0
641,641,0,23304b7a39f9f3ff067d8d8f9e24ecc7,2,5,0,0,1,0
642,642,0,23304b7a39f9f3ff067d8d8f9e24ecc7,2,5,0,0,1,0
643,643,0,23304b7a39f9f3ff067d8d8f9e24ecc7,2,5,0,0,1,0
644,644,0,23304b7a39f9f3ff067d8d8f9e24ecc7,2,5,0,0,1,0
645,645,0,23304b7a39f9f3ff067d8d8f9e24ecc7,2,5,0,0,1,0
646,646,0,23304b7a39f9f3ff067d8d8f9e24ecc7,2,5,0,0,1,0
647,647,0,23304b7a39f9f3ff067d8d8f9e24ecc7,2,5,0,0,1,0
648,648,0,23304b7a39f9f3ff067d8d8f9e24ecc7,2,5,0,0,1,0
649,649,0,23304b7a39f9f3ff067d8d8f9e24ecc7,2,5,0,0,1,0
650,650,0,23304b7a39f9f3ff067d8d8f9e24ecc7,2,5,0,1,1,0
651,651,0,23304b7a39f9f3ff067d8d8f9e24ecc7,2,5,0,0,1,0
652,652,0,23304b7a39f9f3ff067d8d8f9e24ecc7,2,5,0,0,1,0
653,653,0,6b83de744f1ad8fa5ab05d22a6bfce18,2,5,1,0,1,0
654,654,0,27cfb600539ca5bd3c26687e33699431,2,5,0,0,1,0
655,655,0,cda44cc78f67ea73cc34283e9b12ce8f,2,5,0,0,1,0
656,656,0,b8442bd1fa834d2ef85542023ef59874,2,5,0,0,1,0
657,657,0,5ede6bd8f58fdea90ae3772977f7c2bb,2,5,0,0,1,0
658,658,0,57196206285e6f8174d05ff0d3c27d44,2,5,0,0,1,0
659,659,0,1779a724e6eaa113cd6c167b7895fa4e,2,5,0,0,1,0
660,660,0,78d86ebbf29a397c8768636d9d7fb9e8,2,5,0,0,1,0
661,661,0,e2079b199cdf532c539477dc68a91698,2,5,0,0,1,0
662,662,0,2a358e7120bf7a42c06871f17cddf4cd,2,5,0,0,1,0
663,663,0,3b7c124f6bfdd472c90d427bf12cc64d,2,5,0,0,1,0
664,664,0,4c9fdf4d097bf22c5e9ce373d50bb26c,2,5,0,0,1,0
665,665,0,4c389957202b3f7131e0e285cc763ae7,2,5,0,0,1,0
666,666,0,f10a445cefd1e2841b1867fffcb270a4,2,5,0,0,1,0
667,667,0,f10a445cefd1e2841b1867fffcb270a4,2,5,0,0,1,0
668,668,0,f10a445cefd1e2841b1867fffcb270a4,2,5,0,0,1,0
669,669,0,46f2fb342d6f0ab477476fc501242c5f,2,5,0,0,1,1
670,670,0,46f2fb342d6f0ab477476fc501242c5f,0,5,0,0,1,0
671,671,0,46f2fb342d6f0ab477476fc501242c5f,0,0,0,0,1,0
672,672,0,46f2fb342d6f0ab477476fc501242c5f,0,0,0,0,1,0
673,673,0,46f2fb342d6f0ab477476fc501242c5f,0,0,0,0,1,0
674,674,0,46f2fb342d6f0ab477476fc501242c5f,0,0,0,0,1,0
675,675,0,46f2fb342d6f0ab477476fc501242c5f,0,0,0,0,1,0
676,676,0,46f2fb342d6f0ab477476fc501242c5f,0,0,0,0,1,0
677,677,0,46f2fb342d6f0ab477476fc501242c5f,0,0,0,0,1,0
678,678,0,46f2fb342d6f0ab477476fc501242c5f,0,0,0,0,1,0
679,679,0,46f2fb342d6f0ab477476fc501242c5f,0,0,0,0,1,0
680,680,0,46f2fb342d6f0ab477476fc501242c5f,0,0,0,0,1,0
681,681,0,46f2fb342d6f0ab477476fc501242c5f,0,0,0,0,1,0
682,682,0,46f2fb342d6f0ab477476fc501242c5f,0,0,0,0,1,0
683,683,0,46f2fb342d6f0ab477476fc501242c5f,0,0,0,0,1,0
684,684,0,46f2fb342d6f0ab477476fc501242c5f,0,0,0,0,1,0
685,685,0,46f2fb342d6f0ab477476fc501242c5f,0,0,0,0,1,0
686,686,0,46f2fb342d6f0ab477476fc501242c5f,0,0,0,1,1,0
687,687,0,46f2fb342d6f0ab477476fc501242c5f,0,0,0,0,1,0
688,688,0,46f2fb342d6f0ab477476fc501242c5f,0,0,0,0,1,0
689,689,0,c2bedd6d1797c2c6aaf363eb13803c2c,0,0,1,0,1,0
690,690,0,6086be1248db8c99c8ca0af0e4955d5c,0,0,0,0,1,0
691,691,0,ff2134570dc8be2671c8e75af6e01e98,0,0,0,0,1,0
692,692,0,314e90073a2abadfcae79da3f589dac6,0,0,0,0,1,0
693,693,0,68df08d7a395dc27a5efb74ca76c047e,0,0,0,0,1,0
694,694,0,2388e80ac01dcaa095dfad8f515d0c3a,0,0,0,0,1,0
695,695,0,8a8e0e069f3336c1085300d60ca4bca6,0,0,0,0,1,0
696,696,0,2c487d67da7837ee425232aaa9aec7ef,0,0,0,0,1,0
697,697,0,f45ff9477c48c9a2b522b6d2254e5420,0,0,0,0,1,0
698,698,0,468eb05644ad14e75c7e204c732ce8e8,0,0,0,0,1,0
699,699,0,33d3c341350cda2f5b5b8f3d141f6fe0,0,0,0,0,1,0
700,700,0,c7024e65f11e235c6cc6c29547a87a35,0,0,0,0,1,0
701,701,0,cf40bec5d859648389b39ffe26f7d1b4,0,0,0,0,1,0
702,702,0,f29000b62a499fd0a9f39a6add2e7780,0,0,0,0,1,0
703,703,0,f29000b62a499fd0a9f39a6add2e7780,0,0,0,0,1,0
704,704,0,f29000b62a499fd0a9f39a6add2e7780,0,0,0,0,1,0
705,705,0,8ea2b7ca516745bfeafc49904b496089,0,0,0,0,1,1
706,706,0,8ea2b7ca516745bfeafc49904b496089,1,0,0,0,1,0
707,707,0,8ea2b7ca516745bfeafc49904b496089,1,1,0,0,1,0
708,708,0,8ea2b7ca516745bfeafc49904b496089,1,1,0,0,1,0
709,709,0,8ea2b7ca516745bfeafc49904b496089,1,1,0,0,1,0
710,710,0,8ea2b7ca516745bfeafc49904b496089,1,1,0,0,1,0
711,711,0,8ea2b7ca516745bfeafc49904b496089,1,1,0,0,1,0
712,712,0,8ea2b7ca516745bfeafc49904b496089,1,1,0,0,1,0
713,713,0,8ea2b7ca516745bfeafc49904b496089,1,1,0,0,1,0
714,714,0,8ea2b7ca516745bfeafc49904b496089,1,1,0,0,1,0
715,715,0,8ea2b7ca516745bfeafc49904b496089,1,1,0,0,1,0
716,716,0,8ea2b7ca516745bfeafc49904b496089,1,1,0,0,1,0
717,717,0,8ea2b7ca516745bfeafc49904b496089,1,1,0,0,1,0
718,718,0,8ea2b7ca516745bfeafc49904b496089,1,1,0,0,1,0
719,719,0,8ea2b7ca516745bfeafc49904b496089,1,1,0,0,1,0
720,720,0,8ea2b7ca516745bfeafc49904b496089,1,1,0,0,1,0
721,721,0,8ea2b7ca516745bfeafc49904b496089,1,1,0,0,1,0
722,722,0,8ea2b7ca516745bfeafc49904b496089,1,1,0,1,1,0
723,723,0,8ea2b7ca516745bfeafc49904b496089,1,1,0,0,1,0
724,724,0,8ea2b7ca516745bfeafc49904b496089,1,1,0,0,1,0
725,725,0,70bc05fdaea5db25dcc984b79dd57a7e,1,2,1,0,1,0
726,726,0,715ac8295481ac11aaf27096e70c9f0c,1,3,1,0,1,0
727,727,0,18017d2ebf837141f2c7ce404cee0866,1,4,1,0,1,0
728,728,0,8841ebaf96341fac68d650f1fe570e52,1,4,1,0,1,0
729,729,0,cc1c73d3a89078f9881a553301d707b1,1,4,0,0,1,0
730,730,0,033d6ece0ae5f5290af8997b280d1ec0,1,4,0,0,1,0
731,731,0,9392d3023688c8fb5582fb5662d8f72c,1,4,0,0,1,0
732,732,0,dc2e99168be4ad70af97ca505953953e,1,4,0,0,1,0
733,733,0,b2a7a9aa58acb6296351b6f36258f9d2,1,4,0,0,1,0
734,734,0,1ffe76b980f71a546d0be7a10b72e8d3,1,4,0,0,1,0
735,735,0,b8b02e8394b38c2b069a339aab3fc14e,1,4,0,0,1,0
736,736,0,c3dc1b6cc6339faa62ef89ea459a98af,1,4,0,0,1,0
737,737,0,50cf6154758bb5ee79a53d315563022b,1,4,0,0,1,0
738,738,0,d83414223d20a0c928b136c884d07ea2,1,4,0,0,1,0
739,739,0,d83414223d20a0c928b136c884d07ea2,1,4,0,0,1,0
740,740,0,d83414223d20a0c928b136c884d07ea2,1,4,0,0,1,0
741,741,0,f3eed1bdb5d2a03c064b5a7e3db181f8,1,4,0,0,1,1
742,742,0,591ccb10d410ed26dc5ba74a31362870,1,4,0,0,1,1
743,743,0,b6ed21b99ca6f4f9f153e7b1beafed1d,1,4,0,0,1,1
744,744,0,23304b7a39f9f3ff067d8d8f9e24ecc7,1,4,0,0,1,1
745,745,0,23304b7a39f9f3ff067d8d8f9e24ecc7,2,4,0,0,1,0
746,746,0,23304b7a39f9f3ff067d8d8f9e24ecc7,2,5,0,0,1,0
747,747,0,23304b7a39f9f3ff067d8d8f9e24ecc7,2,5,0,0,1,0
748,748,0,23304b7a39f9f3ff067d8d8f9e24ecc7,2,5,0,0,1,0
749,749,0,23304b7a39f9f3ff067d8d8f9e24ecc7,2,5,0,0,1,0
750,750,0,23304b7a39f9f3ff067d8d8f9e24ecc7,2,5,0,0,1,0
751,751,0,23304b7a39f9f3ff067d8d8f9e24ecc7,2,5,0,0,1,0
752,752,0,23304b7a39f9f3ff067d8d8f9e24ecc7,2,5,0,0,1,0
753,753,0,23304b7a39f9f3ff067d8d8f9e24ecc7,2,5,0,0,1,0
754,754,0,23304b7a39f9f3ff067d8d8f9e24ecc7,2,5,0,0,1,0
755,755,0,23304b7a39f9f3ff067d8d8f9e24ecc7,2,5,0,0,1,0
756,756,0,23304b7a39f9f3ff067d8d8f9e24ecc7,2,5,0,0,1,0
757,757,0,23304b7a39f9f3ff067d8d8f9e24ecc7,2,5,0,0,1,0
758,758,0,23304b7a39f9f3ff067d8d8f9e24ecc7,2,5,0,0,1,0
759,759,0,23304b7a39f9f3ff067d8d8f9e24ecc7,2,5,0,0,1,0
760,760,0,23304b7a39f9f3ff067d8d8f9e24ecc7,2,5,0,0,1,0
761,761,0,23304b7a39f9f3ff067d8d8f9e24ecc7,2,5,0,1,1,0
762,762,0,23304b7a39f9f3ff067d8d8f9e24ecc7,2,5,0,0,1,0
763,763,0,23304b7a39f9f3ff067d8d8f9e24ecc7,2,5,0,0,1,0
764,764,0,6b83de744f1ad8fa5ab05d22a6bfce18,2,5,1,0,1,0
765,765,0,27cfb600539ca5bd3c26687e33699431,2,5,0,0,1,0
766,766,0,cda44cc78f67ea73cc34283e9b12ce8f,2,5,0,0,1,0
767,767,0,b8442bd1fa834d2ef85542023ef59874,2,5,0,0,1,0
768,768,0,5ede6bd8f58fdea90ae3772977f7c2bb,2,5,0,0,1,0
769,769,0,57196206285e6f8174d05ff0d3c27d44,2,5,0,0,1,0
770,770,0,1779a724e6eaa113cd6c167b7895fa4e,2,5,0,0,1,0
771,771,0,78d86ebbf29a397c8768636d9d7fb9e8,2,5,0,0,1,0
772,772,0,e2079b199cdf532c539477dc68a91698,2,5,0,0,1,0
773,773,0,2a358e7120bf7a42c06871f17cddf4cd,2,5,0,0,1,0
774,774,0,3b7c124f6bfdd472c90d427bf12cc64d,2,5,0,0,1,0
775,775,0,4c9fdf4d097bf22c5e9ce373d50bb26c,2,5,0,0,1,0
776,776,0,4c389957202b3f7131e0e285cc763ae7,2,5,0,0,1,0
777,777,0,f10a445cefd1e2841b1867fffcb270a4,2,5,0,0,1,0
778,778,0,f10a445cefd1e2841b1867fffcb270a4,2,5,0,0,1,0
779,779,0,f10a445cefd1e2841b1867fffcb270a4,2,5,0,0,1,0
780,780,0,46f2fb342d6f0ab477476fc501242c5f,2,5,0,0,1,1
781,781,0,46f2fb342d6f0ab477476fc501242c5f,0,5,0,0,1,0
782,782,0,46f2fb342d6f0ab477476fc501242c5f,0,0,0,0,1,0
783,783,0,46f2fb342d6f0ab477476fc501242c5f,0,0,0,0,1,0
784,784,0,46f2fb342d6f0ab477476fc501242c5f,0,0,0,0,1,0
785,785,0,46f2fb342d6f0ab477476fc501242c5f,0,0,0,0,1,0
786,786,0,46f2fb342d6f0ab477476fc501242c5f,0,0,0,0,1,0
787,787,0,46f2fb342d6f0ab477476fc501242c5f,0,0,0,0,1,0
788,788,0,46f2fb342d6f0ab477476fc501242c5f,0,0,0,0,1,0
789,789,0,46f2fb342d6f0ab477476fc501242c5f,0,0,0,0,1,0
790,790,0,46f2fb342d6f0ab477476fc501242c5f,0,0,0,0,1,0
791,791,0,46f2fb342d6f0ab477476fc501242c5f,0,0,0,0,1,0
792,792,0,46f2fb342d6f0ab477476fc501242c5f,0,0,0,0,1,0
793,793,0,46f2fb342d6f0ab477476fc501242c5f,0,0,0,0,1,0
794,794,0,46f2fb342d6f0ab477476fc501242c5f,0,0,0,0,1,0
795,795,0,46f2fb342d6f0ab477476fc501242c5f,0,0,0,0,1,0
796,796,0,46f2fb342d6f0ab477476fc501242c5f,0,0,0,0,1,0
797,797,0,46f2fb342d6f0ab477476fc501242c5f,0,0,0,1,1,0
798,798,0,46f2fb342d6f0ab477476fc501242c5f,0,0,0,0,1,0
799,799,0,46f2fb342d6f0ab477476fc501242c5f,0,0,0,0,1,0
800,800,0,c2bedd6d1797c2c6aaf363eb13803c2c,0,0,1,0,1,0
801,801,0,6086be1248db8c99c8ca0af0e4955d5c,0,0,0,0,1,0
802,802,0,ff2134570dc8be2671c8e75af6e01e98,0,0,0,0,1,0
803,803,0,314e90073a2abadfcae79da3f589dac6,0,0,0,0,1,0
804,804,0,68df08d7a395dc27a5efb74ca76c047e,0,0,0,0,1,0
805,805,0,2388e80ac01dcaa095dfad8f515d0c3a,0,0,0,0,1,0
806,806,0,8a8e0e069f3336c1085300d60ca4bca6,0,0,0,0,1,0
807,807,0,2c487d67da7837ee425232aaa9aec7ef,0,0,0,0,1,0
808,808,0,f45ff9477c48c9a2b522b6d2254e5420,0,0,0,0,1,0
809,809,0,468eb05644ad14e75c7e204c732ce8e8,0,0,0,0,1,0
810,810,0,33d3c341350cda2f5b5b8f3d141f6fe0,0,0,0,0,1,0
811,811,0,c7024e65f11e235c6cc6c29547a87a35,0,0,0,0,1,0
812,812,0,cf40bec5d859648389b39ffe26f7d1b4,0,0,0,0,1,0
813,813,0,f29000b62a499fd0a9f39a6add2e7780,0,0,0,0,1,0
814,814,0,f29000b62a499fd0a9f39a6add2e7780,0,0,0,0,1,0
815,815,0,f29000b62a499fd0a9f39a6add2e7780,0,0,0,0,1,0
816,816,0,8ea2b7ca516745bfeafc49904b496089,0,0,0,0,1,1
817,817,0,8ea2b7ca516745bfeafc49904b496089,1,0,0,0,1,0
818,818,0,8ea2b7ca516745bfeafc49904b496089,1,1,0,0,1,0
819,819,0,8ea2b7ca516745bfeafc49904b496089,1,1,0,0,1,0
820,820,0,8ea2b7ca516745bfeafc49904b496089,1,1,0,0,1,0
821,821,0,8ea2b7ca516745bfeafc49904b496089,1,1,0,0,1,0
822,822,0,8ea2b7ca516745bfeafc49904b496089,1,1,0,0,1,0
823,823,0,8ea2b7ca516745bfeafc49904b496089,1,1,0,0,1,0
824,824,0,8ea2b7ca516745bfeafc49904b496089,1,1,0,0,1,0
825,825,0,8ea2b7ca516745bfeafc49904b496089,1,1,0,0,1,0
826,826,0,8ea2b7ca516745bfeafc49904b496089,1,1,0,0,1,0
827,827,0,8ea2b7ca516745bfeafc49904b496089,1,1,0,0,1,0
828,828,0,8ea2b7ca516745bfeafc49904b496089,1,1,0,0,1,0
829,829,0,8ea2b7ca516745bfeafc49904b496089,1,1,0,0,1,0
830,830,0,8ea2b7ca516745bfeafc49904b496089,1,1,0,0,1,0
831,831,0,8ea2b7ca516745bfeafc49904b496089,1,1,0,0,1,0
832,832,0,8ea2b7ca516745bfeafc49904b496089,1,1,0,0,1,0
833,833,0,8ea2b7ca516745bfeafc49904b496089,1,1,0,1,1,0
834,834,0,8ea2b7ca516745bfeafc49904b496089,1,1,0,0,1,0
835,835,0,8ea2b7ca516745bfeafc49904b496089,1,1,0,0,1,0
836,836,0,70bc05fdaea5db25dcc984b79dd57a7e,1,2,1,0,1,0
837,837,0,715ac8295481ac11aaf27096e70c9f0c,1,3,1,0,1,0
838,838,0,18017d2ebf837141f2c7ce404cee0866,1,4,1,0,1,0
839,839,0,8841ebaf96341fac68d650f1fe570e52,1,4,1,0,1,0
840,840,0,cc1c73d3a89078f9881a553301d707b1,1,4,0,0,1,0
841,841,0,033d6ece0ae5f5290af8997b280d1ec0,1,4,0,0,1,0
842,842,0,9392d3023688c8fb5582fb5662d8f72c,1,4,0,0,1,0
843,843,0,dc2e99168be4ad70af97ca505953953e,1,4,0,0,1,0
844,844,0,b2a7a9aa58acb6296351b6f36258f9d2,1,4,0,0,1,0
845,845,0,1ffe76b980f71a546d0be7a10b72e8d3,1,4,0,0,1,0
846,846,0,b8b02e8394b38c2b069a339aab3fc14e,1,4,0,0,1,0
847,847,0,c3dc1b6cc6339faa62ef89ea459a98af,1,4,0,0,1,0
848,848,0,50cf6154758bb5ee79a53d315563022b,1,4,0,0,1,0
849,849,0,d83414223d20a0c928b136c884d07ea2,1,4,0,0,1,0
850,850,0,d83414223d20a0c928b136c884d07ea2,1,4,0,0,1,0
851,851,0,d83414223d20a0c928b136c884d07ea2,1,4,0,0,1,0
852,852,0,f3eed1bdb5d2a03c064b5a7e3db181f8,1,4,0,0,1,1
853,853,0,591ccb10d410ed26dc5ba74a31362870,1,4,0,0,1,1
854,854,0,b6ed21b99ca6f4f9f153e7b1beafed1d,1,4,0,0,1,1
855,855,0,23304b7a39f9f3ff067d8d8f9e24ecc7,1,4,0,0,1,1
856,856,0,23304b7a39f9f3ff067d8d8f9e24ecc7,2,4,0,0,1,0
857,857,0,23304b7a39f9f3ff067d8d8f9e24ecc7,2,5,0,0,1,0
858,858,0,23304b7a39f9f3ff067d8d8f9e24ecc7,2,5,0,0,1,0
859,859,0,23304b7a39f9f3ff067d8d8f9e24ecc7,2,5,0,0,1,0
860,860,0,23304b7a39f9f3ff067d8d8f9e24ecc7,2,5,0,0,1,0
861,861,0,23304b7a39f9f3ff067d8d8f9e24ecc7,2,5,0,0,1,0
862,862,0,23304b7a39f9f3ff067d8d8f9e24ecc7,2,5,0,0,1,0
863,863,0,23304b7a39f9f3ff067d8d8f9e24ecc7,2,5,0,0,1,0
864,864,0,23304b7a39f9f3ff067d8d8f9e24ecc7,2,5,0,0,1,0
865,865,0,23304b7a39f9f3ff067d8d8f9e24ecc7,2,5,0,0,1,0
866,866,0,23304b7a39f9f3ff067d8d8f9e24ecc7,2,5,0,0,1,0
867,867,0,23304b7a39f9f3ff067d8d8f9e24ecc7,2,5,0,0,1,0
868,868,0,23304b7a39f9f3ff067d8d8f9e24ecc7,2,5,0,0,1,0
869,869,0,23304b7a39f9f3ff067d8d8f9e24ecc7,2,5,0,0,1,0
870,870,0,23304b7a39f9f3ff067d8d8f9e24ecc7,2,5,0,0,1,0
871,871,0,23304b7a39f9f3ff067d8d8f9e24ecc7,2,5,0,0,1,0
872,872,0,23304b7a39f9f3ff067d8d8f9e24ecc7,2,5,0,1,1,0
873,873,0,23304b7a39f9f3ff067d8d8f9e24ecc7,2,5,0,0,1,0
874,874,0,23304b7a39f9f3ff067d8d8f9e24ecc7,2,5,0,0,1,0
875,875,0,6b83de744f1ad8fa5ab05d22a6bfce18,2,5,1,0,1,0
876,876,0,27cfb600539ca5bd3c26687e33699431,2,5,0,0,1,0
877,877,0,cda44cc78f67ea73cc34283e9b12ce8f,2,5,0,0,1,0
878,878,0,b8442bd1fa834d2ef85542023ef59874,2,5,0,0,1,0
879,879,0,5ede6bd8f58fdea90ae3772977f7c2bb,2,5,0,0,1,0
880,880,0,57196206285e6f8174d05ff0d3c27d44,2,5,0,0,1,0
881,881,0,1779a724e6eaa113cd6c167b7895fa4e,2,5,0,0,1,0
882,882,0,78d86ebbf29a397c8768636d9d7fb9e8,2,5,0,0,1,0
883,883,0,e2079b199cdf532c539477dc68a91698,2,5,0,0,1,0
884,884,0,2a358e7120bf7a42c06871f17cddf4cd,2,5,0,0,1,0
885,885,0,3b7c124f6bfdd472c90d427bf12cc64d,2,5,0,0,1,0
886,886,0,4c9fdf4d097bf22c5e9ce373d50bb26c,2,5,0,0,1,0
887,887,0,4c389957202b3f7131e0e285cc763ae7,2,5,0,0,1,0
888,888,0,f10a445cefd1e2841b1867fffcb270a4,2,5,0,0,1,0
889,889,0,f10a445cefd1e2841b1867fffcb270a4,2,5,0,0,1,0
890,890,0,f10a445cefd1e2841b1867fffcb270a4,2,5,0,0,1,0
891,891,0,46f2fb342d6f0ab477476fc501242c5f,2,5,0,0,1,1
892,892,0,46f2fb342d6f0ab477476fc501242c5f,0,5,0,0,1,0
893,893,0,46f2fb342d6f0ab477476fc501242c5f,0,0,0,0,1,0
894,894,0,46f2fb342d6f0ab477476fc501242c5f,0,0,0,0,1,0
895,895,0,46f2fb342d6f0ab477476fc501242c5f,0,0,0,0,1,0
896,896,0,46f2fb342d6f0ab477476fc501242c5f,0,0,0,0,1,0
897,897,0,46f2fb342d6f0ab477476fc501242c5f,0,0,0,0,1,0
898,898,0,46f2fb342d6f0ab477476fc501242c5f,0,0,0,0,1,0
899,899,0,46f2fb342d6f0ab477476fc501242c5f,0,0,0,0,1,0
900,900,0,46f2fb342d6f0ab477476fc501242c5f,0,0,0,0,1,0
901,901,0,46f2fb342d6f0ab477476fc501242c5f,0,0,0,0,1,0
902,902,0,46f2fb342d6f0ab477476fc501242c5f,0,0,0,0,1,0
903,903,0,46f2fb342d6f0ab477476fc501242c5f,0,0,0,0,1,0
904,904,0,46f2fb342d6f0ab477476fc501242c5f,0,0,0,0,1,0
905,905,0,46f2fb342d6f0ab477476fc501242c5f,0,0,0,0,1,0
906,906,0,46f2fb342d6f0ab477476fc501242c5f,0,0,0,0,1,0
907,907,0,46f2fb342d6f0ab477476fc501242c5f,0,0,0,0,1,0
908,908,0,46f2fb342d6f0ab477476fc501242c5f,0,0,0,1,1,0
909,909,0,46f2fb342d6f0ab477476fc501242c5f,0,0,0,0,1,0
910,910,0,46f2fb342d6f0ab477476fc501242c5f,0,0,0,0,1,0
911,911,0,c2bedd6d1797c2c6aaf363eb13803c2c,0,0,1,0,1,0
912,912,0,6086be1248db8c99c8ca0af0e4955d5c,0,0,0,0,1,0
913,913,0,ff2134570dc8be2671c8e75af6e01e98,0,0,0,0,1,0
914,914,0,314e90073a2abadfcae79da3f589dac6,0,0,0,0,1,0
915,915,0,68df08d7a395dc27a5efb74ca76c047e,0,0,0,0,1,0
916,916,0,2388e80ac01dcaa095dfad8f515d0c3a,0,0,0,0,1,0
917,917,0,8a8e0e069f3336c1085300d60ca4bca6,0,0,0,0,1,0
918,918,0,2c487d67da7837ee425232aaa9aec7ef,0,0,0,0,1,0
919,919,0,f45ff9477c48c9a2b522b6d2254e5420,0,0,0,0,1,0
920,920,0,468eb05644ad14e75c7e204c732ce8e8,0,0,0,0,1,0
921,921,0,33d3c341350cda2f5b5b8f3d141f6fe0,0,0,0,0,1,0
922,922,0,c7024e65f11e235c6cc6c29547a87a35,0,0,0,0,1,0
923,923,0,cf40bec5d859648389b39ffe26f7d1b4,0,0,0,0,1,0
924,924,0,f29000b62a499fd0a9f39a6add2e7780,0,0,0,0,1,0
925,925,0,f29000b62a499fd0a9f39a6add2e7780,0,0,0,0,1,0
926,926,0,f29000b62a499fd0a9f39a6add2e7780,0,0,0,0,1,0
927,927,0,8ea2b7ca516745bfeafc49904b496089,0,0,0,0,1,1
928,928,0,8ea2b7ca516745bfeafc49904b496089,1,0,0,0,1,0
929,929,0,8ea2b7ca516745bfeafc49904b496089,1,1,0,0,1,0
930,930,0,8ea2b7ca516745bfeafc49904b496089,1,1,0,0,1,0
931,931,0,8ea2b7ca516745bfeafc49904b496089,1,1,0,0,1,0
932,932,0,8ea2b7ca516745bfeafc49904b496089,1,1,0,0,1,0
933,933,0,8ea2b7ca516745bfeafc49904b496089,1,1,0,0,1,0
934,934,0,8ea2b7ca516745bfeafc49904b496089,1,1,0,0,1,0
935,935,0,8ea2b7ca516745bfeafc49904b496089,1,1,0,0,1,0
936,936,0,8ea2b7ca516745bfeafc49904b496089,1,1,0,0,1,0
937,937,0,8ea2b7ca516745bfeafc49904b496089,1,1,0,0,1,0
938,938,0,8ea2b7ca516745bfeafc49904b496089,1,1,0,0,1,0
939,939,0,8ea2b7ca516745bfeafc49904b496089,1,1,0,0,1,0
940,940,0,8ea2b7ca516745bfeafc49904b496089,1,1,0,0,1,0
941,941,0,8ea2b7ca516745bfeafc49904b496089,1,1,0,0,1,0
942,942,0,8ea2b7ca516745bfeafc49904b496089,1,1,0,0,1,0
943,943,0,8ea2b7ca516745bfeafc49904b496089,1,1,0,0,1,0
944,944,0,8ea2b7ca516745bfeafc49904b496089,1,1,0,1,1,0
945,945,0,8ea2b7ca516745bfeafc49904b496089,1,1,0,0,1,0
946,946,0,8ea2b7ca516745bfeafc49904b496089,1,1,0,0,1,0
947,947,0,70bc05fdaea5db25dcc984b79dd57a7e,1,2,1,0,1,0
948,948,0,715ac8295481ac11aaf27096e70c9f0c,1,3,1,0,1,0
949,949,0,18017d2ebf837141f2c7ce404cee0866,1,4,1,0,1,0
950,950,0,8841ebaf96341fac68d650f1fe570e52,1,4,1,0,1,0
951,951,0,cc1c73d3a89078f9881a553301d707b1,1,4,0,0,1,0
952,952,0,033d6ece0ae5f5290af8997b280d1ec0,1,4,0,0,1,0
953,953,0,9392d3023688c8fb5582fb5662d8f72c,1,4,0,0,1,0
954,954,0,dc2e99168be4ad70af97ca505953953e,1,4,0,0,1,0
955,955,0,b2a7a9aa58acb6296351b6f36258f9d2,1,4,0,0,1,0
956,956,0,1ffe76b980f71a546d0be7a10b72e8d3,1,4,0,0,1,0
957,957,0,b8b02e8394b38c2b069a339aab3fc14e,1,4,0,0,1,0
958,958,0,c3dc1b6cc6339faa62ef89ea459a98af,1,4,0,0,1,0
959,959,0,50cf6154758bb5ee79a53d315563022b,1,4,0,0,1,0
960,960,0,d83414223d20a0c928b136c884d07ea2,1,4,0,0,1,0
961,961,0,d83414223d20a0c928b136c884d07ea2,1,4,0,0,1,0
962,962,0,d83414223d20a0c928b136c884d07ea2,1,4,0,0,1,0
963,963,0,f3eed1bdb5d2a03c064b5a7e3db181f8,1,4,0,0,1,1
964,964,0,591ccb10d410ed26dc5ba74a31362870,1,4,0,0,1,1
965,965,0,b6ed21b99ca6f4f9f153e7b1beafed1d,1,4,0,0,1,1
966,966,0,23304b7a39f9f3ff067d8d8f9e24ecc7,1,4,0,0,1,1
967,967,0,23304b7a39f9f3ff067d8d8f9e24ecc7,2,4,0,0,1,0
968,968,0,23304b7a39f9f3ff067d8d8f9e24ecc7,2,5,0,0,1,0
969,969,0,23304b7a39f9f3ff067d8d8f9e24ecc7,2,5,0,0,1,0
970,970,0,23304b7a39f9f3ff067d8d8f9e24ecc7,2,5,0,0,1,0
971,971,0,23304b7a39f9f3ff067d8d8f9e24ecc7,2,5,0,0,1,0
972,972,0,23304b7a39f9f3ff067d8d8f9e24ecc7,2,5,0,0,1,0
973,973,0,23304b7a39f9f3ff067d8d8f9e24ecc7,2,5,0,0,1,0
974,974,0,23304b7a39f9f3ff067d8d8f9e24ecc7,2,5,0,0,1,0
975,975,0,23304b7a39f9f3ff067d8d8f9e24ecc7,2,5,0,0,1,0
976,976,0,23304b7a39f9f3ff067d8d8f9e24ecc7,2,5,0,0,1,0
977,977,0,23304b7a39f9f3ff067d8d8f9e24ecc7,2,5,0,0,1,0
978,978,0,23304b7a39f9f3ff067d8d8f9e24ecc7,2,5,0,0,1,0
979,979,0,23304b7a39f9f3ff067d8d8f9e24ecc7,2,5,0,0,1,0
980,980,0,23304b7a39f9f3ff067d8d8f9e24ecc7,2,5,0,0,1,0
981,981,0,23304b7a39f9f3ff067d8d8f9e24ecc7,2,5,0,0,1,0
982,982,0,23304b7a39f9f3ff067d8d8f9e24ecc7,2,5,0,0,1,0
983,983,0,23304b7a39f9f3ff067d8d8f9e24ecc7,2,5,0,1,1,0
984,984,0,23304b7a39f9f3ff067d8d8f9e24ecc7,2,5,0,0,1,0
985,985,0,23304b7a39f9f3ff067d8d8f9e24ecc7,2,5,0,0,1,0
986,986,0,6b83de744f1ad8fa5ab05d22a6bfce18,2,5,1,0,1,0
987,987,0,27cfb600539ca5bd3c26687e33699431,2,5,0,0,1,0
988,988,0,cda44cc78f67ea73cc34283e9b12ce8f,2,5,0,0,1,0
989,989,0,b8442bd1fa834d2ef85542023ef59874,2,5,0,0,1,0
990,990,0,5ede6bd8f58fdea90ae3772977f7c2bb,2,5,0,0,1,0
991,991,0,57196206285e6f8174d05ff0d3c27d44,2,5,0,0,1,0
992,992,0,1779a724e6eaa113cd6c167b7895fa4e,2,5,0,0,1,0
993,993,0,78d86ebbf29a397c8768636d9d7fb9e8,2,5,0,0,1,0
994,994,0,e2079b199cdf532c539477dc68a91698,2,5,0,0,1,0
995,995,0,2a358e7120bf7a42c06871f17cddf4cd,2,5,0,0,1,0
996,996,0,3b7c124f6bfdd472c90d427bf12cc64d,2,5,0,0,1,0
997,997,0,4c9fdf4d097bf22c5e9ce373d50bb26c,2,5,0,0,1,0
998,998,0,4c389957202b3f7131e0e285cc763ae7,2,5,0,0,1,0
999,999,0,f10a445cefd1e2841b1867fffcb270a4,2,5,0,0,1,0
1000,1000,0,f10a445cefd1e2841b1867fffcb270a4,2,5,0,0,1,0
1001,1001,0,f10a445cefd1e2841b1867fffcb270a4,2,5,0,0,1,0
1002,1002,0,46f2fb342d6f0ab477476fc501242c5f,2,5,0,0,1,1
1003,1003,0,46f2fb342d6f0ab477476fc501242c5f,0,5,0,0,1,0
1004,1004,0,46f2fb342d6f0ab477476fc501242c5f,0,0,0,0,1,0
1005,1005,0,46f2fb342d6f0ab477476fc501242c5f,0,0,0,0,1,0
1006,1006,0,46f2fb342d6f0ab477476fc501242c5f,0,0,0,0,1,0
1007,1007,0,46f2fb342d6f0ab477476fc501242c5f,0,0,0,0,1,0
1008,1008,0,46f2fb342d6f0ab477476fc501242c5f,0,0,0,0,1,0
1009,1009,0,46f2fb342d6f0ab477476fc501242c5f,0,0,0,0,1,0
1010,1010,0,46f2fb342d6f0ab477476fc501242c5f,0,0,0,0,1,0
1011,1011,0,46f2fb342d6f0ab477476fc501242c5f,0,0,0,0,1,0
1012,1012,0,46f2fb342d6f0ab477476fc501242c5f,0,0,0,0,1,0
1013,1013,0,46f2fb342d6f0ab477476fc501242c5f,0,0,0,0,1,0
1014,1014,0,46f2fb342d6f0ab477476fc501242c5f,0,0,0,0,1,0
1015,1015,0,46f2fb342d6f0ab477476fc501242c5f,0,0,0,0,1,0
1016,1016,0,46f2fb342d6f0ab477476fc501242c5f,0,0,0,0,1,0
1017,1017,0,46f2fb342d6f0ab477476fc501242c5f,0,0,0,0,1,0
1018,1018,0,46f2fb342d6f0ab477476fc501242c5f,0,0,0,0,1,0
1019,1019,0,46f2fb342d6f0ab477476fc501242c5f,0,0,0,1,1,0
1020,1020,0,46f2fb342d6f0ab477476fc501242c5f,0,0,0,0,1,0
1021,1021,0,46f2fb342d6f0ab477476fc501242c5f,0,0,0,0,1,0
1022,1022,0,c2bedd6d1797c2c6aaf363eb13803c2c,0,0,1,0,1,0
1023,1023,0,6086be1248db8c99c8ca0af0e4955d5c,0,0,0,0,1,0
